<?xml version='1.0' encoding='utf-8' standalone='yes' ?>
<map>
    <long name="sites_visited_weekly_time" value="1758118820290" />
    <set name="related_sites_visited_weekly_set" />
    <string name="origins_visited_date">9/17/25</string>
    <set name="origins_visited_set">
        <string>1778564728</string>
        <string>2666503268</string>
        <string>3544978147</string>
    </set>
    <set name="sites_visited_weekly_set">
        <string>1432733664</string>
        <string>192373147</string>
        <string>4179655052</string>
    </set>
</map>
