<?xml version='1.0' encoding='utf-8' standalone='yes' ?>
<map>
    <string name="flutter.IS_COOKIE">false</string>
    <string name="flutter.PAGES">[]</string>
    <string name="flutter.appLogo">https://web2app-pro.appcollection.in/profiles/2698/app_logo.png?v=1758106687</string>
    <string name="flutter.splash_background_url">https://web2app-pro.appcollection.in/V01/uploads/splash_background_black.png</string>
    <string name="flutter.facebookBannerIDIOS"></string>
    <string name="flutter.HEADERSTYLE">left</string>
    <string name="flutter.WALK_THROUGH_STYLE">walkthrough_style_3</string>
    <string name="flutter.first_color">#ffffff</string>
    <string name="flutter.FLOATING_DATA">[]</string>
    <string name="flutter.FLOATING_LOGO"></string>
    <string name="flutter.IS_FLOATING">false</string>
    <string name="flutter.isZoomFunctionality">false</string>
    <string name="flutter.admobIntentialID"></string>
    <string name="flutter.USER_AGENT">Mozilla/5.0 (Linux; Android 10; K) AppleWebKit/537.36 (KHTML, like Gecko) Chrome/123.0.0.0 Mobile Safari/537.36</string>
    <string name="flutter.facebookIntentialID"></string>
    <string name="flutter.themeStyle">#000000</string>
    <string name="flutter.positive_text">Yes</string>
    <string name="flutter.IS_WEBRTC">true</string>
    <string name="flutter.admobBannerIDIOS"></string>
    <string name="flutter.facebookBannerID"></string>
    <boolean name="flutter.isDarkModeOnPref" value="false" />
    <string name="flutter.BOTTOM_NAVIGATION_STYLE">bottom_navigation_3</string>
    <string name="flutter.IS_Exit_POP_UP">true</string>
    <string name="flutter.enable_logo">false</string>
    <string name="flutter.DISABLE_FOOTER">false</string>
    <string name="flutter.loaderStyle">DoubleBounce</string>
    <string name="flutter.IS_PULL_TO_REFRESH">true</string>
    <string name="flutter.isJavascriptEnable">true</string>
    <string name="flutter.enable_title">false</string>
    <string name="flutter.TAB_BAR_STYLE">tab_with_title_icon</string>
    <string name="flutter.EXIST_TITLE">Do you want to exit app?</string>
    <string name="flutter.appLanuguage">en</string>
    <string name="flutter.isSplashScreen">true</string>
    <string name="flutter.NAVIGATIONSTYLE">fullscreen</string>
    <string name="flutter.title_color">#ffffff</string>
    <string name="flutter.enable_background">false</string>
    <string name="flutter.second_color">#ffffff</string>
    <string name="flutter.IS_WALKTHROUGH">false</string>
    <string name="flutter.DISABLE_HEADER">false</string>
    <string name="flutter.title"></string>
    <string name="flutter.admobBannerID"></string>
    <string name="flutter.appName">Canva </string>
    <string name="flutter.exit_image_url"></string>
    <string name="flutter.BOTTOMMENU">[]</string>
    <string name="flutter.is_progressbar">false</string>
    <string name="flutter.negative_text">No</string>
    <string name="flutter.url">https://web2app-pro.appcollection.in/V01/redirect.php?id=2698</string>
    <string name="flutter.admobIntentialIDIOS"></string>
    <string name="flutter.ads_type">none</string>
    <string name="flutter.splash_logo_url">https://web2app-pro.appcollection.in/profiles/2698/splash_logo_url.png?v=1758106743</string>
    <string name="flutter.facebookIntentialIDIOS"></string>
    <string name="flutter.onesingal"></string>
    <string name="flutter.enable_image">false</string>
    <string name="flutter.FLOATING_STYLE">regular</string>
    <string name="flutter.WALKTHROUGH">[]</string>
    <string name="flutter.TABS">[]</string>
</map>
