<?xml version='1.0' encoding='utf-8' standalone='yes' ?>
<map>
    <long name="OS_LAST_LOCATION_TIME" value="1758189688870" />
    <string name="MODEL_STORE_operations">[{&quot;name&quot;:&quot;create-subscription&quot;,&quot;appId&quot;:&quot;&quot;,&quot;onesignalId&quot;:&quot;local-978f920c-a0c2-4756-ac7c-d934e599c274&quot;,&quot;subscriptionId&quot;:&quot;local-3c08494d-8c30-4cfd-9b6b-9508989942e9&quot;,&quot;type&quot;:&quot;PUSH&quot;,&quot;enabled&quot;:false,&quot;address&quot;:&quot;&quot;,&quot;status&quot;:&quot;NO_PERMISSION&quot;,&quot;id&quot;:&quot;f5072881-680d-46ab-b084-76c033f8c90f&quot;},{&quot;name&quot;:&quot;login-user&quot;,&quot;appId&quot;:&quot;&quot;,&quot;onesignalId&quot;:&quot;local-978f920c-a0c2-4756-ac7c-d934e599c274&quot;,&quot;id&quot;:&quot;7d013c27-8a39-41bc-b701-eb8ce9046427&quot;},{&quot;name&quot;:&quot;track-session-start&quot;,&quot;appId&quot;:&quot;&quot;,&quot;onesignalId&quot;:&quot;local-978f920c-a0c2-4756-ac7c-d934e599c274&quot;,&quot;id&quot;:&quot;f05accf5-68a1-43c8-825f-07ddc7112308&quot;},{&quot;name&quot;:&quot;track-session-end&quot;,&quot;appId&quot;:&quot;&quot;,&quot;onesignalId&quot;:&quot;local-978f920c-a0c2-4756-ac7c-d934e599c274&quot;,&quot;sessionTime&quot;:26,&quot;id&quot;:&quot;6183a7f0-279d-4cb2-b199-25711c897b1f&quot;},{&quot;name&quot;:&quot;track-session-start&quot;,&quot;appId&quot;:&quot;&quot;,&quot;onesignalId&quot;:&quot;local-978f920c-a0c2-4756-ac7c-d934e599c274&quot;,&quot;id&quot;:&quot;0d3dbe40-805f-49ae-9c11-00f7a475d8e3&quot;},{&quot;name&quot;:&quot;track-session-end&quot;,&quot;appId&quot;:&quot;&quot;,&quot;onesignalId&quot;:&quot;local-978f920c-a0c2-4756-ac7c-d934e599c274&quot;,&quot;sessionTime&quot;:12,&quot;id&quot;:&quot;02ec2216-50df-4302-8555-8256fbfe2a7b&quot;},{&quot;name&quot;:&quot;track-session-start&quot;,&quot;appId&quot;:&quot;&quot;,&quot;onesignalId&quot;:&quot;local-978f920c-a0c2-4756-ac7c-d934e599c274&quot;,&quot;id&quot;:&quot;2e3ec49a-6e24-4f32-acf7-401c4258b2bd&quot;},{&quot;name&quot;:&quot;track-session-end&quot;,&quot;appId&quot;:&quot;&quot;,&quot;onesignalId&quot;:&quot;local-978f920c-a0c2-4756-ac7c-d934e599c274&quot;,&quot;sessionTime&quot;:13,&quot;id&quot;:&quot;cbd857a5-9d8e-406e-a560-af319bf016d8&quot;},{&quot;name&quot;:&quot;track-session-start&quot;,&quot;appId&quot;:&quot;&quot;,&quot;onesignalId&quot;:&quot;local-978f920c-a0c2-4756-ac7c-d934e599c274&quot;,&quot;id&quot;:&quot;7955f0c5-2007-4792-8a46-04a609ca0362&quot;},{&quot;name&quot;:&quot;track-session-start&quot;,&quot;appId&quot;:&quot;&quot;,&quot;onesignalId&quot;:&quot;local-978f920c-a0c2-4756-ac7c-d934e599c274&quot;,&quot;id&quot;:&quot;94c73cff-3432-4f7e-abca-62acaeeda897&quot;},{&quot;name&quot;:&quot;track-session-end&quot;,&quot;appId&quot;:&quot;&quot;,&quot;onesignalId&quot;:&quot;local-978f920c-a0c2-4756-ac7c-d934e599c274&quot;,&quot;sessionTime&quot;:17,&quot;id&quot;:&quot;b12dc05d-d162-4fff-a0e0-cc2c707f6762&quot;},{&quot;name&quot;:&quot;track-session-start&quot;,&quot;appId&quot;:&quot;&quot;,&quot;onesignalId&quot;:&quot;local-978f920c-a0c2-4756-ac7c-d934e599c274&quot;,&quot;id&quot;:&quot;ad89b0d9-018a-4a18-add0-7ab12faa03b0&quot;}]</string>
    <string name="MODEL_STORE_session">[{&quot;id&quot;:&quot;-singleton-&quot;,&quot;isValid&quot;:false,&quot;sessionId&quot;:&quot;ae7010e0-501c-4c54-b996-2f0bd0c6ec7d&quot;,&quot;startTime&quot;:1758189649186,&quot;focusTime&quot;:1758189649186,&quot;activeDuration&quot;:0}]</string>
    <string name="MODEL_STORE_identity">[{&quot;onesignal_id&quot;:&quot;local-978f920c-a0c2-4756-ac7c-d934e599c274&quot;,&quot;id&quot;:&quot;-singleton-&quot;}]</string>
    <string name="MODEL_STORE_properties">[{&quot;onesignalId&quot;:&quot;local-978f920c-a0c2-4756-ac7c-d934e599c274&quot;,&quot;id&quot;:&quot;-singleton-&quot;}]</string>
    <string name="MODEL_STORE_config">[{&quot;id&quot;:&quot;-singleton-&quot;,&quot;appId&quot;:&quot;&quot;,&quot;consentRequired&quot;:false,&quot;backgroundFetchNotificationPermissionInterval&quot;:86400000,&quot;foregroundFetchNotificationPermissionInterval&quot;:1000,&quot;pushSubscriptionId&quot;:&quot;local-3c08494d-8c30-4cfd-9b6b-9508989942e9&quot;}]</string>
    <set name="PREFS_OS_UNATTRIBUTED_UNIQUE_OUTCOME_EVENTS_SENT" />
    <string name="MODEL_STORE_subscriptions">[{&quot;id&quot;:&quot;local-3c08494d-8c30-4cfd-9b6b-9508989942e9&quot;,&quot;type&quot;:&quot;PUSH&quot;,&quot;optedIn&quot;:true,&quot;address&quot;:&quot;&quot;,&quot;status&quot;:&quot;NO_PERMISSION&quot;,&quot;sdk&quot;:&quot;050135&quot;,&quot;deviceOS&quot;:&quot;11&quot;,&quot;carrier&quot;:&quot;airtel&quot;,&quot;appVersion&quot;:&quot;1&quot;}]</string>
    <string name="PREFS_OS_INSTALL_ID">4ef62df2-9bb7-4226-8c36-87239bdb1e32</string>
</map>
